,precision_score,recall_score,f1_score,accuracy_score,train_time
multinomial_nb,0.8021609477050076,0.8026686713023867,0.802026798010182,0.8026686713023867,43.321796894073486
knn,0.31597033324678897,0.5621123848900582,0.4045423828696257,0.5621123848900582,1675.1063477993011
svm,0.7485269374205201,0.7494831798534111,0.7485443721355041,0.7494831798534111,3236.4346117973328
